epochs,air_conditioner,car_horn,children_playing,dog_bark,drilling,engine_idling,gun_shot,jackhammer,siren,street_music
epoch_1,"{'precision': 1.0, 'recall': 0.0, 'f1': 0.0, 'count': 100}","{'precision': 0.8181818181818182, 'recall': 0.2727272727272727, 'f1': 0.4090909090909091, 'count': 33}","{'precision': 0.20454545454545456, 'recall': 0.18, 'f1': 0.1914893617021277, 'count': 100}","{'precision': 0.6063829787234043, 'recall': 0.57, 'f1': 0.5876288659793814, 'count': 100}","{'precision': 0.4636363636363636, 'recall': 0.51, 'f1': 0.4857142857142857, 'count': 100}","{'precision': 0.0, 'recall': 0.0, 'f1': 0.0, 'count': 93}","{'precision': 1.0, 'recall': 0.0, 'f1': 0.0, 'count': 32}","{'precision': 0.14397905759162305, 'recall': 0.5729166666666666, 'f1': 0.23012552301255232, 'count': 96}","{'precision': 0.2857142857142857, 'recall': 0.1686746987951807, 'f1': 0.21212121212121213, 'count': 83}","{'precision': 0.37349397590361444, 'recall': 0.31, 'f1': 0.3387978142076502, 'count': 100}"
epoch_2,"{'precision': 1.0, 'recall': 0.0, 'f1': 0.0, 'count': 100}","{'precision': 0.4482758620689655, 'recall': 0.3939393939393939, 'f1': 0.41935483870967744, 'count': 33}","{'precision': 0.20253164556962025, 'recall': 0.16, 'f1': 0.1787709497206704, 'count': 100}","{'precision': 0.7142857142857143, 'recall': 0.6, 'f1': 0.6521739130434783, 'count': 100}","{'precision': 0.5714285714285714, 'recall': 0.48, 'f1': 0.5217391304347826, 'count': 100}","{'precision': 0.0, 'recall': 0.0, 'f1': 0.0, 'count': 93}","{'precision': 0.0, 'recall': 0.0, 'f1': 0.0, 'count': 32}","{'precision': 0.17721518987341772, 'recall': 0.7291666666666666, 'f1': 0.28513238289205706, 'count': 96}","{'precision': 0.34615384615384615, 'recall': 0.21686746987951808, 'f1': 0.2666666666666666, 'count': 83}","{'precision': 0.43010752688172044, 'recall': 0.4, 'f1': 0.4145077720207254, 'count': 100}"
epoch_3,"{'precision': 0.0, 'recall': 0.0, 'f1': 0.0, 'count': 100}","{'precision': 0.3333333333333333, 'recall': 0.5151515151515151, 'f1': 0.40476190476190477, 'count': 33}","{'precision': 0.21739130434782608, 'recall': 0.15, 'f1': 0.17751479289940827, 'count': 100}","{'precision': 0.651685393258427, 'recall': 0.58, 'f1': 0.6137566137566138, 'count': 100}","{'precision': 0.4631578947368421, 'recall': 0.44, 'f1': 0.45128205128205123, 'count': 100}","{'precision': 0.0, 'recall': 0.0, 'f1': 0.0, 'count': 93}","{'precision': 1.0, 'recall': 0.0, 'f1': 0.0, 'count': 32}","{'precision': 0.1589041095890411, 'recall': 0.6041666666666666, 'f1': 0.25162689804772237, 'count': 96}","{'precision': 0.296875, 'recall': 0.2289156626506024, 'f1': 0.2585034013605442, 'count': 83}","{'precision': 0.4117647058823529, 'recall': 0.35, 'f1': 0.37837837837837834, 'count': 100}"
epoch_4,"{'precision': 0.0, 'recall': 0.0, 'f1': 0.0, 'count': 100}","{'precision': 0.1619047619047619, 'recall': 0.5151515151515151, 'f1': 0.24637681159420294, 'count': 33}","{'precision': 0.1935483870967742, 'recall': 0.12, 'f1': 0.14814814814814814, 'count': 100}","{'precision': 0.6373626373626373, 'recall': 0.58, 'f1': 0.6073298429319371, 'count': 100}","{'precision': 0.5540540540540541, 'recall': 0.41, 'f1': 0.4712643678160919, 'count': 100}","{'precision': 0.0, 'recall': 0.0, 'f1': 0.0, 'count': 93}","{'precision': 1.0, 'recall': 0.0, 'f1': 0.0, 'count': 32}","{'precision': 0.19756838905775076, 'recall': 0.6770833333333334, 'f1': 0.3058823529411765, 'count': 96}","{'precision': 0.2413793103448276, 'recall': 0.25301204819277107, 'f1': 0.24705882352941178, 'count': 83}","{'precision': 0.45454545454545453, 'recall': 0.3, 'f1': 0.3614457831325301, 'count': 100}"
epoch_5,"{'precision': 0.0, 'recall': 0.0, 'f1': 0.0, 'count': 100}","{'precision': 0.12345679012345678, 'recall': 0.6060606060606061, 'f1': 0.2051282051282051, 'count': 33}","{'precision': 0.2153846153846154, 'recall': 0.14, 'f1': 0.1696969696969697, 'count': 100}","{'precision': 0.6363636363636364, 'recall': 0.63, 'f1': 0.6331658291457286, 'count': 100}","{'precision': 0.5058823529411764, 'recall': 0.43, 'f1': 0.46486486486486484, 'count': 100}","{'precision': 0.3076923076923077, 'recall': 0.043010752688172046, 'f1': 0.07547169811320754, 'count': 93}","{'precision': 1.0, 'recall': 0.0, 'f1': 0.0, 'count': 32}","{'precision': 0.2289156626506024, 'recall': 0.59375, 'f1': 0.3304347826086957, 'count': 96}","{'precision': 0.2727272727272727, 'recall': 0.25301204819277107, 'f1': 0.26249999999999996, 'count': 83}","{'precision': 0.4782608695652174, 'recall': 0.33, 'f1': 0.3905325443786983, 'count': 100}"
epoch_6,"{'precision': 0.22950819672131148, 'recall': 0.14, 'f1': 0.17391304347826086, 'count': 100}","{'precision': 0.07352941176470588, 'recall': 0.45454545454545453, 'f1': 0.12658227848101267, 'count': 33}","{'precision': 0.29508196721311475, 'recall': 0.18, 'f1': 0.2236024844720497, 'count': 100}","{'precision': 0.5703703703703704, 'recall': 0.77, 'f1': 0.6553191489361703, 'count': 100}","{'precision': 0.3192488262910798, 'recall': 0.68, 'f1': 0.43450479233226835, 'count': 100}","{'precision': 0.875, 'recall': 0.15053763440860216, 'f1': 0.2568807339449541, 'count': 93}","{'precision': 1.0, 'recall': 0.0, 'f1': 0.0, 'count': 32}","{'precision': 0.4642857142857143, 'recall': 0.13541666666666666, 'f1': 0.20967741935483872, 'count': 96}","{'precision': 0.26153846153846155, 'recall': 0.20481927710843373, 'f1': 0.22972972972972971, 'count': 83}","{'precision': 0.5185185185185185, 'recall': 0.28, 'f1': 0.36363636363636365, 'count': 100}"
epoch_7,"{'precision': 0.234375, 'recall': 0.15, 'f1': 0.18292682926829268, 'count': 100}","{'precision': 0.07537688442211055, 'recall': 0.45454545454545453, 'f1': 0.1293103448275862, 'count': 33}","{'precision': 0.288135593220339, 'recall': 0.17, 'f1': 0.2138364779874214, 'count': 100}","{'precision': 0.5588235294117647, 'recall': 0.76, 'f1': 0.6440677966101696, 'count': 100}","{'precision': 0.3253588516746411, 'recall': 0.68, 'f1': 0.4401294498381877, 'count': 100}","{'precision': 0.8333333333333334, 'recall': 0.21505376344086022, 'f1': 0.3418803418803419, 'count': 93}","{'precision': 1.0, 'recall': 0.0, 'f1': 0.0, 'count': 32}","{'precision': 0.56, 'recall': 0.14583333333333334, 'f1': 0.23140495867768596, 'count': 96}","{'precision': 0.23943661971830985, 'recall': 0.20481927710843373, 'f1': 0.22077922077922077, 'count': 83}","{'precision': 0.54, 'recall': 0.27, 'f1': 0.36, 'count': 100}"
epoch_8,"{'precision': 0.21428571428571427, 'recall': 0.15, 'f1': 0.1764705882352941, 'count': 100}","{'precision': 0.07575757575757576, 'recall': 0.45454545454545453, 'f1': 0.12987012987012989, 'count': 33}","{'precision': 0.30357142857142855, 'recall': 0.17, 'f1': 0.21794871794871798, 'count': 100}","{'precision': 0.5671641791044776, 'recall': 0.76, 'f1': 0.6495726495726495, 'count': 100}","{'precision': 0.3121951219512195, 'recall': 0.64, 'f1': 0.41967213114754104, 'count': 100}","{'precision': 0.8333333333333334, 'recall': 0.21505376344086022, 'f1': 0.3418803418803419, 'count': 93}","{'precision': 1.0, 'recall': 0.0, 'f1': 0.0, 'count': 32}","{'precision': 0.5925925925925926, 'recall': 0.16666666666666666, 'f1': 0.2601626016260163, 'count': 96}","{'precision': 0.25675675675675674, 'recall': 0.2289156626506024, 'f1': 0.24203821656050953, 'count': 83}","{'precision': 0.5306122448979592, 'recall': 0.26, 'f1': 0.348993288590604, 'count': 100}"
epoch_9,"{'precision': 0.21428571428571427, 'recall': 0.15, 'f1': 0.1764705882352941, 'count': 100}","{'precision': 0.07936507936507936, 'recall': 0.45454545454545453, 'f1': 0.13513513513513514, 'count': 33}","{'precision': 0.2962962962962963, 'recall': 0.16, 'f1': 0.20779220779220778, 'count': 100}","{'precision': 0.5579710144927537, 'recall': 0.77, 'f1': 0.6470588235294118, 'count': 100}","{'precision': 0.3118811881188119, 'recall': 0.63, 'f1': 0.41721854304635764, 'count': 100}","{'precision': 0.7857142857142857, 'recall': 0.23655913978494625, 'f1': 0.3636363636363636, 'count': 93}","{'precision': 1.0, 'recall': 0.0, 'f1': 0.0, 'count': 32}","{'precision': 0.6296296296296297, 'recall': 0.17708333333333334, 'f1': 0.2764227642276423, 'count': 96}","{'precision': 0.2638888888888889, 'recall': 0.2289156626506024, 'f1': 0.2451612903225806, 'count': 83}","{'precision': 0.5614035087719298, 'recall': 0.32, 'f1': 0.4076433121019108, 'count': 100}"
epoch_10,"{'precision': 0.2112676056338028, 'recall': 0.15, 'f1': 0.1754385964912281, 'count': 100}","{'precision': 0.07894736842105263, 'recall': 0.45454545454545453, 'f1': 0.13452914798206278, 'count': 33}","{'precision': 0.3076923076923077, 'recall': 0.16, 'f1': 0.2105263157894737, 'count': 100}","{'precision': 0.5454545454545454, 'recall': 0.78, 'f1': 0.6419753086419753, 'count': 100}","{'precision': 0.315, 'recall': 0.63, 'f1': 0.42, 'count': 100}","{'precision': 0.7741935483870968, 'recall': 0.25806451612903225, 'f1': 0.3870967741935484, 'count': 93}","{'precision': 1.0, 'recall': 0.0, 'f1': 0.0, 'count': 32}","{'precision': 0.75, 'recall': 0.1875, 'f1': 0.3, 'count': 96}","{'precision': 0.2714285714285714, 'recall': 0.2289156626506024, 'f1': 0.2483660130718954, 'count': 83}","{'precision': 0.5535714285714286, 'recall': 0.31, 'f1': 0.3974358974358974, 'count': 100}"
epoch_11,"{'precision': 0.2054794520547945, 'recall': 0.15, 'f1': 0.17341040462427748, 'count': 100}","{'precision': 0.0797872340425532, 'recall': 0.45454545454545453, 'f1': 0.13574660633484162, 'count': 33}","{'precision': 0.3333333333333333, 'recall': 0.16, 'f1': 0.21621621621621623, 'count': 100}","{'precision': 0.5310344827586206, 'recall': 0.77, 'f1': 0.6285714285714286, 'count': 100}","{'precision': 0.3165829145728643, 'recall': 0.63, 'f1': 0.42140468227424743, 'count': 100}","{'precision': 0.75, 'recall': 0.25806451612903225, 'f1': 0.384, 'count': 93}","{'precision': 1.0, 'recall': 0.0, 'f1': 0.0, 'count': 32}","{'precision': 0.76, 'recall': 0.19791666666666666, 'f1': 0.3140495867768595, 'count': 96}","{'precision': 0.2777777777777778, 'recall': 0.24096385542168675, 'f1': 0.25806451612903225, 'count': 83}","{'precision': 0.5454545454545454, 'recall': 0.3, 'f1': 0.3870967741935483, 'count': 100}"
epoch_12,"{'precision': 0.21428571428571427, 'recall': 0.15, 'f1': 0.1764705882352941, 'count': 100}","{'precision': 0.0797872340425532, 'recall': 0.45454545454545453, 'f1': 0.13574660633484162, 'count': 33}","{'precision': 0.32, 'recall': 0.16, 'f1': 0.21333333333333335, 'count': 100}","{'precision': 0.5342465753424658, 'recall': 0.78, 'f1': 0.6341463414634146, 'count': 100}","{'precision': 0.32142857142857145, 'recall': 0.63, 'f1': 0.42567567567567566, 'count': 100}","{'precision': 0.7272727272727273, 'recall': 0.25806451612903225, 'f1': 0.38095238095238093, 'count': 93}","{'precision': 1.0, 'recall': 0.0, 'f1': 0.0, 'count': 32}","{'precision': 0.75, 'recall': 0.21875, 'f1': 0.3387096774193548, 'count': 96}","{'precision': 0.28169014084507044, 'recall': 0.24096385542168675, 'f1': 0.25974025974025977, 'count': 83}","{'precision': 0.5454545454545454, 'recall': 0.3, 'f1': 0.3870967741935483, 'count': 100}"
epoch_13,"{'precision': 0.19718309859154928, 'recall': 0.14, 'f1': 0.16374269005847955, 'count': 100}","{'precision': 0.08064516129032258, 'recall': 0.45454545454545453, 'f1': 0.136986301369863, 'count': 33}","{'precision': 0.3333333333333333, 'recall': 0.16, 'f1': 0.21621621621621623, 'count': 100}","{'precision': 0.5234899328859061, 'recall': 0.78, 'f1': 0.6265060240963854, 'count': 100}","{'precision': 0.328125, 'recall': 0.63, 'f1': 0.4315068493150685, 'count': 100}","{'precision': 0.7058823529411765, 'recall': 0.25806451612903225, 'f1': 0.3779527559055118, 'count': 93}","{'precision': 1.0, 'recall': 0.0, 'f1': 0.0, 'count': 32}","{'precision': 0.7741935483870968, 'recall': 0.25, 'f1': 0.3779527559055118, 'count': 96}","{'precision': 0.2777777777777778, 'recall': 0.24096385542168675, 'f1': 0.25806451612903225, 'count': 83}","{'precision': 0.5555555555555556, 'recall': 0.3, 'f1': 0.3896103896103896, 'count': 100}"
epoch_14,"{'precision': 0.2054794520547945, 'recall': 0.15, 'f1': 0.17341040462427748, 'count': 100}","{'precision': 0.08333333333333333, 'recall': 0.45454545454545453, 'f1': 0.1408450704225352, 'count': 33}","{'precision': 0.3469387755102041, 'recall': 0.17, 'f1': 0.22818791946308728, 'count': 100}","{'precision': 0.52, 'recall': 0.78, 'f1': 0.624, 'count': 100}","{'precision': 0.3298429319371728, 'recall': 0.63, 'f1': 0.43298969072164945, 'count': 100}","{'precision': 0.7058823529411765, 'recall': 0.25806451612903225, 'f1': 0.3779527559055118, 'count': 93}","{'precision': 1.0, 'recall': 0.0, 'f1': 0.0, 'count': 32}","{'precision': 0.7878787878787878, 'recall': 0.2708333333333333, 'f1': 0.40310077519379844, 'count': 96}","{'precision': 0.2777777777777778, 'recall': 0.24096385542168675, 'f1': 0.25806451612903225, 'count': 83}","{'precision': 0.5818181818181818, 'recall': 0.32, 'f1': 0.41290322580645156, 'count': 100}"
epoch_15,"{'precision': 0.1891891891891892, 'recall': 0.14, 'f1': 0.16091954022988506, 'count': 100}","{'precision': 0.08379888268156424, 'recall': 0.45454545454545453, 'f1': 0.14150943396226415, 'count': 33}","{'precision': 0.3695652173913043, 'recall': 0.17, 'f1': 0.2328767123287671, 'count': 100}","{'precision': 0.506578947368421, 'recall': 0.77, 'f1': 0.611111111111111, 'count': 100}","{'precision': 0.328125, 'recall': 0.63, 'f1': 0.4315068493150685, 'count': 100}","{'precision': 0.6857142857142857, 'recall': 0.25806451612903225, 'f1': 0.375, 'count': 93}","{'precision': 1.0, 'recall': 0.0, 'f1': 0.0, 'count': 32}","{'precision': 0.7878787878787878, 'recall': 0.2708333333333333, 'f1': 0.40310077519379844, 'count': 96}","{'precision': 0.273972602739726, 'recall': 0.24096385542168675, 'f1': 0.25641025641025644, 'count': 83}","{'precision': 0.6037735849056604, 'recall': 0.32, 'f1': 0.41830065359477125, 'count': 100}"
epoch_16,"{'precision': 0.2, 'recall': 0.15, 'f1': 0.17142857142857143, 'count': 100}","{'precision': 0.08670520231213873, 'recall': 0.45454545454545453, 'f1': 0.14563106796116504, 'count': 33}","{'precision': 0.36363636363636365, 'recall': 0.16, 'f1': 0.2222222222222222, 'count': 100}","{'precision': 0.4967741935483871, 'recall': 0.77, 'f1': 0.6039215686274509, 'count': 100}","{'precision': 0.33157894736842103, 'recall': 0.63, 'f1': 0.4344827586206896, 'count': 100}","{'precision': 0.6, 'recall': 0.25806451612903225, 'f1': 0.3609022556390977, 'count': 93}","{'precision': 1.0, 'recall': 0.0, 'f1': 0.0, 'count': 32}","{'precision': 0.8055555555555556, 'recall': 0.3020833333333333, 'f1': 0.43939393939393945, 'count': 96}","{'precision': 0.2638888888888889, 'recall': 0.2289156626506024, 'f1': 0.2451612903225806, 'count': 83}","{'precision': 0.5769230769230769, 'recall': 0.3, 'f1': 0.3947368421052631, 'count': 100}"
epoch_17,"{'precision': 0.21052631578947367, 'recall': 0.16, 'f1': 0.1818181818181818, 'count': 100}","{'precision': 0.08823529411764706, 'recall': 0.45454545454545453, 'f1': 0.1477832512315271, 'count': 33}","{'precision': 0.37209302325581395, 'recall': 0.16, 'f1': 0.22377622377622378, 'count': 100}","{'precision': 0.4967741935483871, 'recall': 0.77, 'f1': 0.6039215686274509, 'count': 100}","{'precision': 0.34054054054054056, 'recall': 0.63, 'f1': 0.4421052631578948, 'count': 100}","{'precision': 0.5681818181818182, 'recall': 0.26881720430107525, 'f1': 0.36496350364963503, 'count': 93}","{'precision': 1.0, 'recall': 0.0, 'f1': 0.0, 'count': 32}","{'precision': 0.85, 'recall': 0.3541666666666667, 'f1': 0.5, 'count': 96}","{'precision': 0.2638888888888889, 'recall': 0.2289156626506024, 'f1': 0.2451612903225806, 'count': 83}","{'precision': 0.5769230769230769, 'recall': 0.3, 'f1': 0.3947368421052631, 'count': 100}"
epoch_18,"{'precision': 0.21052631578947367, 'recall': 0.16, 'f1': 0.1818181818181818, 'count': 100}","{'precision': 0.08536585365853659, 'recall': 0.42424242424242425, 'f1': 0.14213197969543145, 'count': 33}","{'precision': 0.37209302325581395, 'recall': 0.16, 'f1': 0.22377622377622378, 'count': 100}","{'precision': 0.4935897435897436, 'recall': 0.77, 'f1': 0.6015625000000001, 'count': 100}","{'precision': 0.34615384615384615, 'recall': 0.63, 'f1': 0.4468085106382979, 'count': 100}","{'precision': 0.5652173913043478, 'recall': 0.27956989247311825, 'f1': 0.37410071942446044, 'count': 93}","{'precision': 1.0, 'recall': 0.0, 'f1': 0.0, 'count': 32}","{'precision': 0.8409090909090909, 'recall': 0.3854166666666667, 'f1': 0.5285714285714287, 'count': 96}","{'precision': 0.2602739726027397, 'recall': 0.2289156626506024, 'f1': 0.24358974358974356, 'count': 83}","{'precision': 0.5849056603773585, 'recall': 0.31, 'f1': 0.40522875816993464, 'count': 100}"
epoch_19,"{'precision': 0.21052631578947367, 'recall': 0.16, 'f1': 0.1818181818181818, 'count': 100}","{'precision': 0.08536585365853659, 'recall': 0.42424242424242425, 'f1': 0.14213197969543145, 'count': 33}","{'precision': 0.3902439024390244, 'recall': 0.16, 'f1': 0.22695035460992907, 'count': 100}","{'precision': 0.5, 'recall': 0.79, 'f1': 0.6124031007751938, 'count': 100}","{'precision': 0.3559322033898305, 'recall': 0.63, 'f1': 0.45487364620938625, 'count': 100}","{'precision': 0.5531914893617021, 'recall': 0.27956989247311825, 'f1': 0.37142857142857144, 'count': 93}","{'precision': 1.0, 'recall': 0.0, 'f1': 0.0, 'count': 32}","{'precision': 0.86, 'recall': 0.4479166666666667, 'f1': 0.589041095890411, 'count': 96}","{'precision': 0.2638888888888889, 'recall': 0.2289156626506024, 'f1': 0.2451612903225806, 'count': 83}","{'precision': 0.5961538461538461, 'recall': 0.31, 'f1': 0.4078947368421053, 'count': 100}"
epoch_20,"{'precision': 0.18421052631578946, 'recall': 0.14, 'f1': 0.1590909090909091, 'count': 100}","{'precision': 0.08974358974358974, 'recall': 0.42424242424242425, 'f1': 0.14814814814814814, 'count': 33}","{'precision': 0.3902439024390244, 'recall': 0.16, 'f1': 0.22695035460992907, 'count': 100}","{'precision': 0.4906832298136646, 'recall': 0.79, 'f1': 0.6053639846743295, 'count': 100}","{'precision': 0.35260115606936415, 'recall': 0.61, 'f1': 0.44688644688644685, 'count': 100}","{'precision': 0.6111111111111112, 'recall': 0.3548387096774194, 'f1': 0.4489795918367347, 'count': 93}","{'precision': 1.0, 'recall': 0.0, 'f1': 0.0, 'count': 32}","{'precision': 0.8679245283018868, 'recall': 0.4791666666666667, 'f1': 0.6174496644295302, 'count': 96}","{'precision': 0.2676056338028169, 'recall': 0.2289156626506024, 'f1': 0.24675324675324675, 'count': 83}","{'precision': 0.5961538461538461, 'recall': 0.31, 'f1': 0.4078947368421053, 'count': 100}"
epoch_21,"{'precision': 0.20512820512820512, 'recall': 0.16, 'f1': 0.17977528089887643, 'count': 100}","{'precision': 0.10666666666666667, 'recall': 0.48484848484848486, 'f1': 0.17486338797814208, 'count': 33}","{'precision': 0.38461538461538464, 'recall': 0.15, 'f1': 0.21582733812949642, 'count': 100}","{'precision': 0.4875, 'recall': 0.78, 'f1': 0.6, 'count': 100}","{'precision': 0.3567251461988304, 'recall': 0.61, 'f1': 0.4501845018450184, 'count': 100}","{'precision': 0.6440677966101694, 'recall': 0.40860215053763443, 'f1': 0.5, 'count': 93}","{'precision': 1.0, 'recall': 0.0, 'f1': 0.0, 'count': 32}","{'precision': 0.8703703703703703, 'recall': 0.4895833333333333, 'f1': 0.6266666666666666, 'count': 96}","{'precision': 0.2777777777777778, 'recall': 0.24096385542168675, 'f1': 0.25806451612903225, 'count': 83}","{'precision': 0.5740740740740741, 'recall': 0.31, 'f1': 0.4025974025974026, 'count': 100}"
epoch_22,"{'precision': 0.21333333333333335, 'recall': 0.16, 'f1': 0.18285714285714286, 'count': 100}","{'precision': 0.11267605633802817, 'recall': 0.48484848484848486, 'f1': 0.18285714285714288, 'count': 33}","{'precision': 0.38461538461538464, 'recall': 0.15, 'f1': 0.21582733812949642, 'count': 100}","{'precision': 0.484472049689441, 'recall': 0.78, 'f1': 0.5977011494252874, 'count': 100}","{'precision': 0.3674698795180723, 'recall': 0.61, 'f1': 0.4586466165413534, 'count': 100}","{'precision': 0.6307692307692307, 'recall': 0.44086021505376344, 'f1': 0.5189873417721519, 'count': 93}","{'precision': 1.0, 'recall': 0.0, 'f1': 0.0, 'count': 32}","{'precision': 0.8412698412698413, 'recall': 0.5520833333333334, 'f1': 0.6666666666666667, 'count': 96}","{'precision': 0.29577464788732394, 'recall': 0.25301204819277107, 'f1': 0.2727272727272727, 'count': 83}","{'precision': 0.5818181818181818, 'recall': 0.32, 'f1': 0.41290322580645156, 'count': 100}"
epoch_23,"{'precision': 0.21794871794871795, 'recall': 0.17, 'f1': 0.19101123595505617, 'count': 100}","{'precision': 0.11428571428571428, 'recall': 0.48484848484848486, 'f1': 0.18497109826589594, 'count': 33}","{'precision': 0.38461538461538464, 'recall': 0.15, 'f1': 0.21582733812949642, 'count': 100}","{'precision': 0.4936708860759494, 'recall': 0.78, 'f1': 0.6046511627906977, 'count': 100}","{'precision': 0.3696969696969697, 'recall': 0.61, 'f1': 0.460377358490566, 'count': 100}","{'precision': 0.6153846153846154, 'recall': 0.43010752688172044, 'f1': 0.5063291139240506, 'count': 93}","{'precision': 1.0, 'recall': 0.0, 'f1': 0.0, 'count': 32}","{'precision': 0.8333333333333334, 'recall': 0.5729166666666666, 'f1': 0.6790123456790123, 'count': 96}","{'precision': 0.29577464788732394, 'recall': 0.25301204819277107, 'f1': 0.2727272727272727, 'count': 83}","{'precision': 0.5818181818181818, 'recall': 0.32, 'f1': 0.41290322580645156, 'count': 100}"
epoch_24,"{'precision': 0.25925925925925924, 'recall': 0.21, 'f1': 0.23204419889502761, 'count': 100}","{'precision': 0.13445378151260504, 'recall': 0.48484848484848486, 'f1': 0.21052631578947367, 'count': 33}","{'precision': 0.38095238095238093, 'recall': 0.16, 'f1': 0.22535211267605634, 'count': 100}","{'precision': 0.4817073170731707, 'recall': 0.79, 'f1': 0.5984848484848485, 'count': 100}","{'precision': 0.3836477987421384, 'recall': 0.61, 'f1': 0.4710424710424711, 'count': 100}","{'precision': 0.6164383561643836, 'recall': 0.4838709677419355, 'f1': 0.5421686746987951, 'count': 93}","{'precision': 1.0, 'recall': 0.0, 'f1': 0.0, 'count': 32}","{'precision': 0.8333333333333334, 'recall': 0.625, 'f1': 0.7142857142857143, 'count': 96}","{'precision': 0.29577464788732394, 'recall': 0.25301204819277107, 'f1': 0.2727272727272727, 'count': 83}","{'precision': 0.5892857142857143, 'recall': 0.33, 'f1': 0.42307692307692313, 'count': 100}"
epoch_25,"{'precision': 0.27848101265822783, 'recall': 0.22, 'f1': 0.24581005586592178, 'count': 100}","{'precision': 0.13333333333333333, 'recall': 0.48484848484848486, 'f1': 0.20915032679738563, 'count': 33}","{'precision': 0.375, 'recall': 0.15, 'f1': 0.21428571428571425, 'count': 100}","{'precision': 0.4810126582278481, 'recall': 0.76, 'f1': 0.5891472868217054, 'count': 100}","{'precision': 0.391025641025641, 'recall': 0.61, 'f1': 0.4765625, 'count': 100}","{'precision': 0.5802469135802469, 'recall': 0.5053763440860215, 'f1': 0.5402298850574713, 'count': 93}","{'precision': 1.0, 'recall': 0.0, 'f1': 0.0, 'count': 32}","{'precision': 0.8133333333333334, 'recall': 0.6354166666666666, 'f1': 0.7134502923976608, 'count': 96}","{'precision': 0.2916666666666667, 'recall': 0.25301204819277107, 'f1': 0.2709677419354839, 'count': 83}","{'precision': 0.5892857142857143, 'recall': 0.33, 'f1': 0.42307692307692313, 'count': 100}"
epoch_26,"{'precision': 0.2682926829268293, 'recall': 0.22, 'f1': 0.2417582417582418, 'count': 100}","{'precision': 0.1415929203539823, 'recall': 0.48484848484848486, 'f1': 0.2191780821917808, 'count': 33}","{'precision': 0.38095238095238093, 'recall': 0.16, 'f1': 0.22535211267605634, 'count': 100}","{'precision': 0.4810126582278481, 'recall': 0.76, 'f1': 0.5891472868217054, 'count': 100}","{'precision': 0.3935483870967742, 'recall': 0.61, 'f1': 0.4784313725490197, 'count': 100}","{'precision': 0.5802469135802469, 'recall': 0.5053763440860215, 'f1': 0.5402298850574713, 'count': 93}","{'precision': 1.0, 'recall': 0.0, 'f1': 0.0, 'count': 32}","{'precision': 0.7974683544303798, 'recall': 0.65625, 'f1': 0.7200000000000001, 'count': 96}","{'precision': 0.2916666666666667, 'recall': 0.25301204819277107, 'f1': 0.2709677419354839, 'count': 83}","{'precision': 0.5818181818181818, 'recall': 0.32, 'f1': 0.41290322580645156, 'count': 100}"
epoch_27,"{'precision': 0.2682926829268293, 'recall': 0.22, 'f1': 0.2417582417582418, 'count': 100}","{'precision': 0.14414414414414414, 'recall': 0.48484848484848486, 'f1': 0.22222222222222224, 'count': 33}","{'precision': 0.38095238095238093, 'recall': 0.16, 'f1': 0.22535211267605634, 'count': 100}","{'precision': 0.49044585987261147, 'recall': 0.77, 'f1': 0.5992217898832685, 'count': 100}","{'precision': 0.40131578947368424, 'recall': 0.61, 'f1': 0.4841269841269842, 'count': 100}","{'precision': 0.5925925925925926, 'recall': 0.5161290322580645, 'f1': 0.5517241379310345, 'count': 93}","{'precision': 1.0, 'recall': 0.0, 'f1': 0.0, 'count': 32}","{'precision': 0.8072289156626506, 'recall': 0.6979166666666666, 'f1': 0.7486033519553071, 'count': 96}","{'precision': 0.28378378378378377, 'recall': 0.25301204819277107, 'f1': 0.267515923566879, 'count': 83}","{'precision': 0.5818181818181818, 'recall': 0.32, 'f1': 0.41290322580645156, 'count': 100}"
epoch_28,"{'precision': 0.2564102564102564, 'recall': 0.2, 'f1': 0.2247191011235955, 'count': 100}","{'precision': 0.1553398058252427, 'recall': 0.48484848484848486, 'f1': 0.23529411764705882, 'count': 33}","{'precision': 0.36585365853658536, 'recall': 0.15, 'f1': 0.2127659574468085, 'count': 100}","{'precision': 0.4876543209876543, 'recall': 0.79, 'f1': 0.6030534351145038, 'count': 100}","{'precision': 0.4105960264900662, 'recall': 0.62, 'f1': 0.4940239043824701, 'count': 100}","{'precision': 0.5494505494505495, 'recall': 0.5376344086021505, 'f1': 0.5434782608695652, 'count': 93}","{'precision': 1.0, 'recall': 0.0, 'f1': 0.0, 'count': 32}","{'precision': 0.8072289156626506, 'recall': 0.6979166666666666, 'f1': 0.7486033519553071, 'count': 96}","{'precision': 0.28378378378378377, 'recall': 0.25301204819277107, 'f1': 0.267515923566879, 'count': 83}","{'precision': 0.5740740740740741, 'recall': 0.31, 'f1': 0.4025974025974026, 'count': 100}"
epoch_29,"{'precision': 0.27380952380952384, 'recall': 0.23, 'f1': 0.25000000000000006, 'count': 100}","{'precision': 0.15384615384615385, 'recall': 0.48484848484848486, 'f1': 0.23357664233576642, 'count': 33}","{'precision': 0.36585365853658536, 'recall': 0.15, 'f1': 0.2127659574468085, 'count': 100}","{'precision': 0.4810126582278481, 'recall': 0.76, 'f1': 0.5891472868217054, 'count': 100}","{'precision': 0.4236111111111111, 'recall': 0.61, 'f1': 0.5, 'count': 100}","{'precision': 0.5555555555555556, 'recall': 0.5376344086021505, 'f1': 0.5464480874316939, 'count': 93}","{'precision': 1.0, 'recall': 0.0, 'f1': 0.0, 'count': 32}","{'precision': 0.8160919540229885, 'recall': 0.7395833333333334, 'f1': 0.7759562841530055, 'count': 96}","{'precision': 0.2727272727272727, 'recall': 0.25301204819277107, 'f1': 0.26249999999999996, 'count': 83}","{'precision': 0.5769230769230769, 'recall': 0.3, 'f1': 0.3947368421052631, 'count': 100}"
epoch_30,"{'precision': 0.2839506172839506, 'recall': 0.23, 'f1': 0.25414364640883974, 'count': 100}","{'precision': 0.1568627450980392, 'recall': 0.48484848484848486, 'f1': 0.23703703703703705, 'count': 33}","{'precision': 0.36585365853658536, 'recall': 0.15, 'f1': 0.2127659574468085, 'count': 100}","{'precision': 0.475, 'recall': 0.76, 'f1': 0.5846153846153846, 'count': 100}","{'precision': 0.4066666666666667, 'recall': 0.61, 'f1': 0.488, 'count': 100}","{'precision': 0.5434782608695652, 'recall': 0.5376344086021505, 'f1': 0.5405405405405405, 'count': 93}","{'precision': 1.0, 'recall': 0.0, 'f1': 0.0, 'count': 32}","{'precision': 0.8192771084337349, 'recall': 0.7083333333333334, 'f1': 0.7597765363128491, 'count': 96}","{'precision': 0.2727272727272727, 'recall': 0.25301204819277107, 'f1': 0.26249999999999996, 'count': 83}","{'precision': 0.5882352941176471, 'recall': 0.3, 'f1': 0.3973509933774835, 'count': 100}"
epoch_31,"{'precision': 0.26582278481012656, 'recall': 0.21, 'f1': 0.2346368715083799, 'count': 100}","{'precision': 0.1595744680851064, 'recall': 0.45454545454545453, 'f1': 0.23622047244094488, 'count': 33}","{'precision': 0.36585365853658536, 'recall': 0.15, 'f1': 0.2127659574468085, 'count': 100}","{'precision': 0.475, 'recall': 0.76, 'f1': 0.5846153846153846, 'count': 100}","{'precision': 0.4206896551724138, 'recall': 0.61, 'f1': 0.4979591836734694, 'count': 100}","{'precision': 0.5098039215686274, 'recall': 0.5591397849462365, 'f1': 0.5333333333333333, 'count': 93}","{'precision': 1.0, 'recall': 0.0, 'f1': 0.0, 'count': 32}","{'precision': 0.8181818181818182, 'recall': 0.75, 'f1': 0.7826086956521738, 'count': 96}","{'precision': 0.2727272727272727, 'recall': 0.25301204819277107, 'f1': 0.26249999999999996, 'count': 83}","{'precision': 0.5882352941176471, 'recall': 0.3, 'f1': 0.3973509933774835, 'count': 100}"
epoch_32,"{'precision': 0.25925925925925924, 'recall': 0.21, 'f1': 0.23204419889502761, 'count': 100}","{'precision': 0.17204301075268819, 'recall': 0.48484848484848486, 'f1': 0.25396825396825395, 'count': 33}","{'precision': 0.36585365853658536, 'recall': 0.15, 'f1': 0.2127659574468085, 'count': 100}","{'precision': 0.47468354430379744, 'recall': 0.75, 'f1': 0.5813953488372093, 'count': 100}","{'precision': 0.4206896551724138, 'recall': 0.61, 'f1': 0.4979591836734694, 'count': 100}","{'precision': 0.5, 'recall': 0.5483870967741935, 'f1': 0.5230769230769231, 'count': 93}","{'precision': 1.0, 'recall': 0.0, 'f1': 0.0, 'count': 32}","{'precision': 0.8181818181818182, 'recall': 0.75, 'f1': 0.7826086956521738, 'count': 96}","{'precision': 0.2692307692307692, 'recall': 0.25301204819277107, 'f1': 0.2608695652173913, 'count': 83}","{'precision': 0.5882352941176471, 'recall': 0.3, 'f1': 0.3973509933774835, 'count': 100}"
epoch_33,"{'precision': 0.2625, 'recall': 0.21, 'f1': 0.2333333333333333, 'count': 100}","{'precision': 0.16666666666666666, 'recall': 0.45454545454545453, 'f1': 0.2439024390243902, 'count': 33}","{'precision': 0.36585365853658536, 'recall': 0.15, 'f1': 0.2127659574468085, 'count': 100}","{'precision': 0.46875, 'recall': 0.75, 'f1': 0.5769230769230769, 'count': 100}","{'precision': 0.4178082191780822, 'recall': 0.61, 'f1': 0.4959349593495935, 'count': 100}","{'precision': 0.49019607843137253, 'recall': 0.5376344086021505, 'f1': 0.5128205128205128, 'count': 93}","{'precision': 1.0, 'recall': 0.0, 'f1': 0.0, 'count': 32}","{'precision': 0.8089887640449438, 'recall': 0.75, 'f1': 0.7783783783783783, 'count': 96}","{'precision': 0.2692307692307692, 'recall': 0.25301204819277107, 'f1': 0.2608695652173913, 'count': 83}","{'precision': 0.5882352941176471, 'recall': 0.3, 'f1': 0.3973509933774835, 'count': 100}"
epoch_34,"{'precision': 0.275, 'recall': 0.22, 'f1': 0.24444444444444446, 'count': 100}","{'precision': 0.16853932584269662, 'recall': 0.45454545454545453, 'f1': 0.2459016393442623, 'count': 33}","{'precision': 0.375, 'recall': 0.15, 'f1': 0.21428571428571425, 'count': 100}","{'precision': 0.46875, 'recall': 0.75, 'f1': 0.5769230769230769, 'count': 100}","{'precision': 0.4295774647887324, 'recall': 0.61, 'f1': 0.5041322314049587, 'count': 100}","{'precision': 0.4854368932038835, 'recall': 0.5376344086021505, 'f1': 0.510204081632653, 'count': 93}","{'precision': 1.0, 'recall': 0.0, 'f1': 0.0, 'count': 32}","{'precision': 0.8064516129032258, 'recall': 0.78125, 'f1': 0.7936507936507936, 'count': 96}","{'precision': 0.2692307692307692, 'recall': 0.25301204819277107, 'f1': 0.2608695652173913, 'count': 83}","{'precision': 0.5769230769230769, 'recall': 0.3, 'f1': 0.3947368421052631, 'count': 100}"
epoch_35,"{'precision': 0.28205128205128205, 'recall': 0.22, 'f1': 0.24719101123595508, 'count': 100}","{'precision': 0.18072289156626506, 'recall': 0.45454545454545453, 'f1': 0.25862068965517243, 'count': 33}","{'precision': 0.375, 'recall': 0.15, 'f1': 0.21428571428571425, 'count': 100}","{'precision': 0.46875, 'recall': 0.75, 'f1': 0.5769230769230769, 'count': 100}","{'precision': 0.42657342657342656, 'recall': 0.61, 'f1': 0.5020576131687242, 'count': 100}","{'precision': 0.46296296296296297, 'recall': 0.5376344086021505, 'f1': 0.49751243781094523, 'count': 93}","{'precision': 1.0, 'recall': 0.0, 'f1': 0.0, 'count': 32}","{'precision': 0.8064516129032258, 'recall': 0.78125, 'f1': 0.7936507936507936, 'count': 96}","{'precision': 0.27848101265822783, 'recall': 0.26506024096385544, 'f1': 0.2716049382716049, 'count': 83}","{'precision': 0.5849056603773585, 'recall': 0.31, 'f1': 0.40522875816993464, 'count': 100}"
epoch_36,"{'precision': 0.2857142857142857, 'recall': 0.22, 'f1': 0.2485875706214689, 'count': 100}","{'precision': 0.18518518518518517, 'recall': 0.45454545454545453, 'f1': 0.2631578947368421, 'count': 33}","{'precision': 0.375, 'recall': 0.15, 'f1': 0.21428571428571425, 'count': 100}","{'precision': 0.46875, 'recall': 0.75, 'f1': 0.5769230769230769, 'count': 100}","{'precision': 0.42657342657342656, 'recall': 0.61, 'f1': 0.5020576131687242, 'count': 100}","{'precision': 0.4672897196261682, 'recall': 0.5376344086021505, 'f1': 0.5, 'count': 93}","{'precision': 1.0, 'recall': 0.0, 'f1': 0.0, 'count': 32}","{'precision': 0.8085106382978723, 'recall': 0.7916666666666666, 'f1': 0.7999999999999999, 'count': 96}","{'precision': 0.3, 'recall': 0.2891566265060241, 'f1': 0.294478527607362, 'count': 83}","{'precision': 0.5636363636363636, 'recall': 0.31, 'f1': 0.39999999999999997, 'count': 100}"
epoch_37,"{'precision': 0.2839506172839506, 'recall': 0.23, 'f1': 0.25414364640883974, 'count': 100}","{'precision': 0.189873417721519, 'recall': 0.45454545454545453, 'f1': 0.26785714285714285, 'count': 33}","{'precision': 0.375, 'recall': 0.15, 'f1': 0.21428571428571425, 'count': 100}","{'precision': 0.47770700636942676, 'recall': 0.75, 'f1': 0.5836575875486381, 'count': 100}","{'precision': 0.43884892086330934, 'recall': 0.61, 'f1': 0.5104602510460251, 'count': 100}","{'precision': 0.44642857142857145, 'recall': 0.5376344086021505, 'f1': 0.48780487804878053, 'count': 93}","{'precision': 1.0, 'recall': 0.0, 'f1': 0.0, 'count': 32}","{'precision': 0.8085106382978723, 'recall': 0.7916666666666666, 'f1': 0.7999999999999999, 'count': 96}","{'precision': 0.3, 'recall': 0.2891566265060241, 'f1': 0.294478527607362, 'count': 83}","{'precision': 0.5636363636363636, 'recall': 0.31, 'f1': 0.39999999999999997, 'count': 100}"
epoch_38,"{'precision': 0.275, 'recall': 0.22, 'f1': 0.24444444444444446, 'count': 100}","{'precision': 0.19230769230769232, 'recall': 0.45454545454545453, 'f1': 0.27027027027027023, 'count': 33}","{'precision': 0.375, 'recall': 0.15, 'f1': 0.21428571428571425, 'count': 100}","{'precision': 0.46794871794871795, 'recall': 0.73, 'f1': 0.5703125, 'count': 100}","{'precision': 0.4485294117647059, 'recall': 0.61, 'f1': 0.5169491525423728, 'count': 100}","{'precision': 0.4424778761061947, 'recall': 0.5376344086021505, 'f1': 0.4854368932038835, 'count': 93}","{'precision': 1.0, 'recall': 0.0, 'f1': 0.0, 'count': 32}","{'precision': 0.8105263157894737, 'recall': 0.8020833333333334, 'f1': 0.806282722513089, 'count': 96}","{'precision': 0.29069767441860467, 'recall': 0.30120481927710846, 'f1': 0.2958579881656805, 'count': 83}","{'precision': 0.5849056603773585, 'recall': 0.31, 'f1': 0.40522875816993464, 'count': 100}"
epoch_39,"{'precision': 0.313953488372093, 'recall': 0.27, 'f1': 0.2903225806451613, 'count': 100}","{'precision': 0.19402985074626866, 'recall': 0.3939393939393939, 'f1': 0.26, 'count': 33}","{'precision': 0.358974358974359, 'recall': 0.14, 'f1': 0.20143884892086333, 'count': 100}","{'precision': 0.46405228758169936, 'recall': 0.71, 'f1': 0.5612648221343872, 'count': 100}","{'precision': 0.4420289855072464, 'recall': 0.61, 'f1': 0.5126050420168067, 'count': 100}","{'precision': 0.4424778761061947, 'recall': 0.5376344086021505, 'f1': 0.4854368932038835, 'count': 93}","{'precision': 1.0, 'recall': 0.0, 'f1': 0.0, 'count': 32}","{'precision': 0.8105263157894737, 'recall': 0.8020833333333334, 'f1': 0.806282722513089, 'count': 96}","{'precision': 0.2777777777777778, 'recall': 0.30120481927710846, 'f1': 0.28901734104046245, 'count': 83}","{'precision': 0.5714285714285714, 'recall': 0.32, 'f1': 0.41025641025641024, 'count': 100}"
epoch_40,"{'precision': 0.29411764705882354, 'recall': 0.25, 'f1': 0.27027027027027023, 'count': 100}","{'precision': 0.2028985507246377, 'recall': 0.42424242424242425, 'f1': 0.2745098039215686, 'count': 33}","{'precision': 0.34210526315789475, 'recall': 0.13, 'f1': 0.18840579710144928, 'count': 100}","{'precision': 0.47333333333333333, 'recall': 0.71, 'f1': 0.568, 'count': 100}","{'precision': 0.45185185185185184, 'recall': 0.61, 'f1': 0.5191489361702127, 'count': 100}","{'precision': 0.42857142857142855, 'recall': 0.5483870967741935, 'f1': 0.48113207547169806, 'count': 93}","{'precision': 1.0, 'recall': 0.0, 'f1': 0.0, 'count': 32}","{'precision': 0.8191489361702128, 'recall': 0.8020833333333334, 'f1': 0.8105263157894737, 'count': 96}","{'precision': 0.26881720430107525, 'recall': 0.30120481927710846, 'f1': 0.2840909090909091, 'count': 83}","{'precision': 0.5740740740740741, 'recall': 0.31, 'f1': 0.4025974025974026, 'count': 100}"
epoch_41,"{'precision': 0.30952380952380953, 'recall': 0.26, 'f1': 0.2826086956521739, 'count': 100}","{'precision': 0.2028985507246377, 'recall': 0.42424242424242425, 'f1': 0.2745098039215686, 'count': 33}","{'precision': 0.358974358974359, 'recall': 0.14, 'f1': 0.20143884892086333, 'count': 100}","{'precision': 0.4768211920529801, 'recall': 0.72, 'f1': 0.5737051792828686, 'count': 100}","{'precision': 0.43884892086330934, 'recall': 0.61, 'f1': 0.5104602510460251, 'count': 100}","{'precision': 0.43103448275862066, 'recall': 0.5376344086021505, 'f1': 0.47846889952153104, 'count': 93}","{'precision': 1.0, 'recall': 0.0, 'f1': 0.0, 'count': 32}","{'precision': 0.8105263157894737, 'recall': 0.8020833333333334, 'f1': 0.806282722513089, 'count': 96}","{'precision': 0.2717391304347826, 'recall': 0.30120481927710846, 'f1': 0.2857142857142857, 'count': 83}","{'precision': 0.5961538461538461, 'recall': 0.31, 'f1': 0.4078947368421053, 'count': 100}"
epoch_42,"{'precision': 0.30952380952380953, 'recall': 0.26, 'f1': 0.2826086956521739, 'count': 100}","{'precision': 0.19696969696969696, 'recall': 0.3939393939393939, 'f1': 0.26262626262626265, 'count': 33}","{'precision': 0.358974358974359, 'recall': 0.14, 'f1': 0.20143884892086333, 'count': 100}","{'precision': 0.47651006711409394, 'recall': 0.71, 'f1': 0.5702811244979918, 'count': 100}","{'precision': 0.43884892086330934, 'recall': 0.61, 'f1': 0.5104602510460251, 'count': 100}","{'precision': 0.4166666666666667, 'recall': 0.5376344086021505, 'f1': 0.4694835680751174, 'count': 93}","{'precision': 1.0, 'recall': 0.0, 'f1': 0.0, 'count': 32}","{'precision': 0.8125, 'recall': 0.8125, 'f1': 0.8125, 'count': 96}","{'precision': 0.2631578947368421, 'recall': 0.30120481927710846, 'f1': 0.2808988764044944, 'count': 83}","{'precision': 0.5918367346938775, 'recall': 0.29, 'f1': 0.3892617449664429, 'count': 100}"
epoch_43,"{'precision': 0.3103448275862069, 'recall': 0.27, 'f1': 0.2887700534759359, 'count': 100}","{'precision': 0.19117647058823528, 'recall': 0.3939393939393939, 'f1': 0.25742574257425743, 'count': 33}","{'precision': 0.3684210526315789, 'recall': 0.14, 'f1': 0.20289855072463772, 'count': 100}","{'precision': 0.4896551724137931, 'recall': 0.71, 'f1': 0.5795918367346939, 'count': 100}","{'precision': 0.44525547445255476, 'recall': 0.61, 'f1': 0.5147679324894514, 'count': 100}","{'precision': 0.4132231404958678, 'recall': 0.5376344086021505, 'f1': 0.4672897196261682, 'count': 93}","{'precision': 1.0, 'recall': 0.0, 'f1': 0.0, 'count': 32}","{'precision': 0.8125, 'recall': 0.8125, 'f1': 0.8125, 'count': 96}","{'precision': 0.26881720430107525, 'recall': 0.30120481927710846, 'f1': 0.2840909090909091, 'count': 83}","{'precision': 0.5769230769230769, 'recall': 0.3, 'f1': 0.3947368421052631, 'count': 100}"
epoch_44,"{'precision': 0.3058823529411765, 'recall': 0.26, 'f1': 0.2810810810810811, 'count': 100}","{'precision': 0.21212121212121213, 'recall': 0.42424242424242425, 'f1': 0.2828282828282829, 'count': 33}","{'precision': 0.3611111111111111, 'recall': 0.13, 'f1': 0.1911764705882353, 'count': 100}","{'precision': 0.4768211920529801, 'recall': 0.72, 'f1': 0.5737051792828686, 'count': 100}","{'precision': 0.44525547445255476, 'recall': 0.61, 'f1': 0.5147679324894514, 'count': 100}","{'precision': 0.4117647058823529, 'recall': 0.5268817204301075, 'f1': 0.4622641509433962, 'count': 93}","{'precision': 1.0, 'recall': 0.0, 'f1': 0.0, 'count': 32}","{'precision': 0.8041237113402062, 'recall': 0.8125, 'f1': 0.8082901554404145, 'count': 96}","{'precision': 0.2777777777777778, 'recall': 0.30120481927710846, 'f1': 0.28901734104046245, 'count': 83}","{'precision': 0.5535714285714286, 'recall': 0.31, 'f1': 0.3974358974358974, 'count': 100}"
